fornitore,stato_fornitore,gruppo_articoli,sottogruppo_articoli,categoria,sottocategoria,tipologia_fornitura,fornitura,protocollo_atto_negoziale,data_atto_negoziale,file_atto_negoziale,integrazione_rettifica,protocollo_integrazione_rettifica,data_integrazione_rettifica,file_integrazione_rettifica,tipologia_cig,cig,quantita,prezzo_unitario,totale_articolo,stato_contratto,ceduti_commissario_straordinario,note,data_aggiornamento
Dispositivi Protezione Individuale S.r.l.,ITA,Dispositivi di protezione individuale (DPI),Maschere FFP2 / FFP3 / equivalenti,Maschere,Maschere FFP2,consumabili,Facciali FFP2,COVID/0009489,2020-02-26,https://raw.githubusercontent.com/pcm-dpc/COVID-19/master/dati-contratti-dpc-forniture/file-atti-negoziali/dpc-contratto-covid19-0009489.pdf,,,,,cig,8232612656,13000,2.280000,29640.00,firmato,no,,2020-04-22
Dispositivi Protezione Individuale S.r.l.,ITA,Dispositivi di protezione individuale (DPI),Maschere FFP2 / FFP3 / equivalenti,Maschere,Maschere FFP3,consumabili,Facciali FFP3,COVID/0009489,2020-02-26,https://raw.githubusercontent.com/pcm-dpc/COVID-19/master/dati-contratti-dpc-forniture/file-atti-negoziali/dpc-contratto-covid19-0009489.pdf,,,,,cig,8232612656,11000,5.200000,57200.00,firmato,no,,2020-04-22
BLS S.r.l.,ITA,Dispositivi di protezione individuale (DPI),Maschere FFP2 / FFP3 / equivalenti,Maschere,Maschere FFP2,consumabili,Facciali FFP2,COVID/0009487,2020-02-26,https://raw.githubusercontent.com/pcm-dpc/COVID-19/master/dati-contratti-dpc-forniture/file-atti-negoziali/dpc-contratto-covid19-0009487.pdf,,,,,smart-cig,Z142C53CAC,1440,1.760000,2534.40,firmato,no,,2020-04-22
BLS S.r.l.,ITA,Dispositivi di protezione individuale (DPI),Maschere FFP2 / FFP3 / equivalenti,Maschere,Maschere FFP3,consumabili,Facciali FFP3,COVID/0009487,2020-02-26,https://raw.githubusercontent.com/pcm-dpc/COVID-19/master/dati-contratti-dpc-forniture/file-atti-negoziali/dpc-contratto-covid19-0009487.pdf,,,,,smart-cig,Z142C53CAC,480,5.610000,2692.80,firmato,no,,2020-04-22
BLS S.r.l.,ITA,Dispositivi di protezione individuale (DPI),Maschere FFP2 / FFP3 / equivalenti,Maschere,Maschere FFP2,consumabili,Facciali FFP2,COVID/0015655,2020-03-22,https://raw.githubusercontent.com/pcm-dpc/COVID-19/master/dati-contratti-dpc-forniture/file-atti-negoziali/dpc-contratto-covid19-0015655.pdf,,,,,cig,82533900 E4,80640,1.800000,145152.00,firmato,si,,2020-04-22
3M Italia S.r.l.,ITA,Dispositivi di protezione individuale (DPI),Maschere FFP2 / FFP3 / equivalenti,Maschere,Maschere FFP2,consumabili,Facciali FFP2,COVID/0009486,2020-02-26,https://raw.githubusercontent.com/pcm-dpc/COVID-19/master/dati-contratti-dpc-forniture/file-atti-negoziali/dpc-contratto-covid19-0009486.pdf,,,,,smart-cig,Z122C53D1D,2640,1.370000,3616.80,firmato,no,,2020-04-22
3M Italia S.r.l.,ITA,Dispositivi di protezione individuale (DPI),Maschere FFP2 / FFP3 / equivalenti,Maschere,Maschere FFP2,consumabili,Facciali FFP2,COVID/0009486,2020-02-26,https://raw.githubusercontent.com/pcm-dpc/COVID-19/master/dati-contratti-dpc-forniture/file-atti-negoziali/dpc-contratto-covid19-0009486.pdf,,,,,smart-cig,Z122C53D1D,4800,2.770000,13296.00,firmato,no,,2020-04-22
3M Italia S.r.l.,ITA,Dispositivi di protezione individuale (DPI),Maschere FFP2 / FFP3 / equivalenti,Maschere,Maschere FFP2,consumabili,Facciali FFP2,ABI/0010027,2020-02-29,https://raw.githubusercontent.com/pcm-dpc/COVID-19/master/dati-contratti-dpc-forniture/file-atti-negoziali/dpc-contratto-covid19-0010027.pdf,,,,,cig,8232816EAC,110000,1.300000,143000.00,firmato,no,,2020-04-22
3M Italia S.r.l.,ITA,Dispositivi di protezione individuale (DPI),Maschere FFP2 / FFP3 / equivalenti,Maschere,Maschere FFP2,consumabili,Facciali FFP2,COVID/0012927,2020-03-12,https://raw.githubusercontent.com/pcm-dpc/COVID-19/master/dati-contratti-dpc-forniture/file-atti-negoziali/dpc-contratto-covid19-0012927.pdf,,,,,cig,8249666FBB,2400000,1.300000,3120000.00,firmato,si,,2020-04-22
Apogeo S.r.l.,ITA,Dispositivi di protezione individuale (DPI),Maschere FFP2 / FFP3 / equivalenti,Maschere,Maschere FFP2,consumabili,Facciali FFP2,COVID/0010316,2020-03-02,https://raw.githubusercontent.com/pcm-dpc/COVID-19/master/dati-contratti-dpc-forniture/file-atti-negoziali/dpc-contratto-covid19-0010316.pdf,,,,,cig,82321297C0,480000,2.840000,1363200.00,firmato,no,,2020-04-22
Apogeo S.r.l.,ITA,Dispositivi di protezione individuale (DPI),Maschere FFP2 / FFP3 / equivalenti,Maschere,Maschere FFP2,consumabili,Facciali FFP2,COVID/0010316,2020-03-02,https://raw.githubusercontent.com/pcm-dpc/COVID-19/master/dati-contratti-dpc-forniture/file-atti-negoziali/dpc-contratto-covid19-0010316.pdf,,,,,cig,82321297C1,324000,2.800000,907200.00,firmato,no,,2020-04-22
Apogeo S.r.l.,ITA,Dispositivi di protezione individuale (DPI),Maschere FFP2 / FFP3 / equivalenti,Maschere,Maschere FFP2,consumabili,Facciali FFP2,COVID/0009726,2020-02-27,https://raw.githubusercontent.com/pcm-dpc/COVID-19/master/dati-contratti-dpc-forniture/file-atti-negoziali/dpc-contratto-covid19-0009726.pdf,,,,,cig,823200409B,400000,2.900000,1160000.00,firmato,no,,2020-04-22
Apogeo S.r.l.,ITA,Dispositivi di protezione individuale (DPI),Maschere FFP2 / FFP3 / equivalenti,Maschere,Maschere FFP2,consumabili,Facciali FFP2,COVID/0010620,2020-03-03,https://raw.githubusercontent.com/pcm-dpc/COVID-19/master/dati-contratti-dpc-forniture/file-atti-negoziali/dpc-contratto-covid19-0010620.pdf,,,,,cig,823879223D,7200,2.800000,20160.00,firmato,no,,2020-04-22
Apogeo S.r.l.,ITA,Dispositivi di protezione individuale (DPI),Tute,Tute,Tute,consumabili,Tute liquid splash,COVID/0010620,2020-03-03,https://raw.githubusercontent.com/pcm-dpc/COVID-19/master/dati-contratti-dpc-forniture/file-atti-negoziali/dpc-contratto-covid19-0010620.pdf,,,,,cig,823879223D,10000,8.500000,85000.00,firmato,no,,2020-04-22
Apogeo S.r.l.,ITA,Dispositivi di protezione individuale (DPI),Maschere FFP2 / FFP3 / equivalenti,Maschere,Maschere FFP2,consumabili,Facciali filtranti FFP2 con valvola,COVID/0010620,2020-03-03,https://raw.githubusercontent.com/pcm-dpc/COVID-19/master/dati-contratti-dpc-forniture/file-atti-negoziali/dpc-contratto-covid19-0010620.pdf,,,,,cig,823879223D,27000,2.900000,78300.00,firmato,no,,2020-04-22
Apogeo S.r.l.,ITA,Dispositivi di protezione individuale (DPI),Occhiali,Occhiali,Occhiali,consumabili,Occhiali protettivi cod DV026C,COVID/0010620,2020-03-03,https://raw.githubusercontent.com/pcm-dpc/COVID-19/master/dati-contratti-dpc-forniture/file-atti-negoziali/dpc-contratto-covid19-0010620.pdf,,,,,cig,823879223D,50000,1.200000,60000.00,firmato,no,,2020-04-22
Apogeo S.r.l.,ITA,Dispositivi di protezione individuale (DPI),Guanti,Guanti,Guanti,consumabili,Guanti monouso assortiti,ABI/0011769,2020-03-08,https://raw.githubusercontent.com/pcm-dpc/COVID-19/master/dati-contratti-dpc-forniture/file-atti-negoziali/dpc-contratto-covid19-0011769.pdf,,,,,cig,823881660A,2350000,0.042553,100000.00,firmato,no,,2020-04-22
Apogeo S.r.l.,ITA,Dispositivi di protezione individuale (DPI),Tute,Tute,Tute,consumabili,Tute,COVID/0012924,2020-03-12,https://raw.githubusercontent.com/pcm-dpc/COVID-19/master/dati-contratti-dpc-forniture/file-atti-negoziali/dpc-contratto-covid19-0012924.pdf,integrazione,COVID/0013477,2020-03-13,https://raw.githubusercontent.com/pcm-dpc/COVID-19/master/dati-contratti-dpc-forniture/file-atti-negoziali/dpc-contratto-covid19-0012924.pdf,cig,824965677D,90000,6.600000,594000.00,firmato,no,,2020-04-22
Apogeo S.r.l.,ITA,Dispositivi di protezione individuale (DPI),Maschere FFP2 / FFP3 / equivalenti,Maschere,Maschere FFP2,consumabili,Maschere FFP2,COVID/0012924,2020-03-12,https://raw.githubusercontent.com/pcm-dpc/COVID-19/master/dati-contratti-dpc-forniture/file-atti-negoziali/dpc-contratto-covid19-0012924.pdf,integrazione,COVID/0013477,2020-03-13,https://raw.githubusercontent.com/pcm-dpc/COVID-19/master/dati-contratti-dpc-forniture/file-atti-negoziali/dpc-contratto-covid19-0012924.pdf,cig,824965677D,162000,2.800000,453600.00,firmato,no,,2020-04-22
Apogeo S.r.l.,ITA,Dispositivi di protezione individuale (DPI),Maschere FFP2 / FFP3 / equivalenti,Maschere,Maschere FFP2,consumabili,Maschere FFP2,COVID/0012924,2020-03-12,https://raw.githubusercontent.com/pcm-dpc/COVID-19/master/dati-contratti-dpc-forniture/file-atti-negoziali/dpc-contratto-covid19-0012924.pdf,integrazione,COVID/0013477,2020-03-13,https://raw.githubusercontent.com/pcm-dpc/COVID-19/master/dati-contratti-dpc-forniture/file-atti-negoziali/dpc-contratto-covid19-0012924.pdf,cig,824965677D,486000,1.685443,819125.34,firmato,no,,2020-04-22
Apogeo S.r.l.,ITA,Dispositivi di protezione individuale (DPI),Maschere FFP2 / FFP3 / equivalenti,Maschere,Maschere FFP2,consumabili,Maschere FFP valve,COVID/0012924,2020-03-12,https://raw.githubusercontent.com/pcm-dpc/COVID-19/master/dati-contratti-dpc-forniture/file-atti-negoziali/dpc-contratto-covid19-0012924.pdf,integrazione,COVID/0013477,2020-03-13,https://raw.githubusercontent.com/pcm-dpc/COVID-19/master/dati-contratti-dpc-forniture/file-atti-negoziali/dpc-contratto-covid19-0012924.pdf,cig,824965677D,144000,1.951566,281025.45,firmato,no,,2020-04-22
Apogeo S.r.l.,ITA,Dispositivi di protezione individuale (DPI),Maschere FFP2 / FFP3 / equivalenti,Maschere,Maschere FFP3,consumabili,Maschere FFP3 valve,COVID/0012924,2020-03-12,https://raw.githubusercontent.com/pcm-dpc/COVID-19/master/dati-contratti-dpc-forniture/file-atti-negoziali/dpc-contratto-covid19-0012924.pdf,integrazione,COVID/0013477,2020-03-13,https://raw.githubusercontent.com/pcm-dpc/COVID-19/master/dati-contratti-dpc-forniture/file-atti-negoziali/dpc-contratto-covid19-0012924.pdf,cig,824965677D,71900,2.217688,159451.78,firmato,no,,2020-04-22
Apogeo S.r.l.,ITA,Dispositivi di protezione individuale (DPI),Maschere FFP2 / FFP3 / equivalenti,Maschere,Maschere FFP2,consumabili,Maschere FFP2  valve,COVID/0012924,2020-03-12,https://raw.githubusercontent.com/pcm-dpc/COVID-19/master/dati-contratti-dpc-forniture/file-atti-negoziali/dpc-contratto-covid19-0012924.pdf,integrazione,COVID/0013477,2020-03-13,https://raw.githubusercontent.com/pcm-dpc/COVID-19/master/dati-contratti-dpc-forniture/file-atti-negoziali/dpc-contratto-covid19-0012924.pdf,cig,824965677D,194400,1.774151,344894.88,firmato,no,,2020-04-22
Apogeo S.r.l.,ITA,Dispositivi di protezione individuale (DPI),Maschere FFP2 / FFP3 / equivalenti,Maschere,Maschere FFP3,consumabili,Maschere FFP3 mod 3231,COVID/0012924,2020-03-12,https://raw.githubusercontent.com/pcm-dpc/COVID-19/master/dati-contratti-dpc-forniture/file-atti-negoziali/dpc-contratto-covid19-0012924.pdf,integrazione,COVID/0013477,2020-03-13,https://raw.githubusercontent.com/pcm-dpc/COVID-19/master/dati-contratti-dpc-forniture/file-atti-negoziali/dpc-contratto-covid19-0012924.pdf,cig,824965677D,200160,3.900000,780624.00,firmato,no,,2020-04-22
Apogeo S.r.l.,ITA,Dispositivi di protezione individuale (DPI),Maschere FFP2 / FFP3 / equivalenti,Maschere,Maschere FFP2,consumabili,Maschere FFP2,COVID/0013562,2020-03-13,https://raw.githubusercontent.com/pcm-dpc/COVID-19/master/dati-contratti-dpc-forniture/file-atti-negoziali/dpc-contratto-covid19-0013562.pdf,,,,,cig,8249642BEE,6000000,1.830000,10980000.00,firmato,no,,2020-04-22
Apogeo S.r.l.,ITA,Dispositivi di protezione individuale (DPI),Maschere FFP2 / FFP3 / equivalenti,Maschere,Maschere FFP2,consumabili,Maschere FFP2,COVID/0013562,2020-03-13,https://raw.githubusercontent.com/pcm-dpc/COVID-19/master/dati-contratti-dpc-forniture/file-atti-negoziali/dpc-contratto-covid19-0013562.pdf,,,,,cig,8249642BEE,1000000,1.900000,1900000.00,firmato,no,,2020-04-22
Apogeo S.r.l.,ITA,Dispositivi di protezione individuale (DPI),Guanti,Guanti,Guanti,consumabili,Guanti in vinile Maxima e Super S,14399,2020-03-16,https://raw.githubusercontent.com/pcm-dpc/COVID-19/master/dati-contratti-dpc-forniture/file-atti-negoziali/dpc-contratto-covid19-0014399.pdf,,,,,cig,8252059682,2900000,0.040000,116000.00,firmato,no,,2020-04-22
Apogeo S.r.l.,ITA,Dispositivi di protezione individuale (DPI),Maschere FFP2 / FFP3 / equivalenti,Maschere,Maschere FFP2,consumabili,Maschere FFP2,COVID/0014561,2020-03-17,https://raw.githubusercontent.com/pcm-dpc/COVID-19/master/dati-contratti-dpc-forniture/file-atti-negoziali/dpc-contratto-covid19-0014561.pdf,,,,,cig,8252086CC8,4000000,1.860000,7440000.00,firmato,si,,2020-04-22
Apogeo S.r.l.,ITA,Dispositivi di protezione individuale (DPI),Guanti,Guanti,Guanti,consumabili,Guanti in vinile Maxima cod 28906,COVID/0015043,2020-03-18,https://raw.githubusercontent.com/pcm-dpc/COVID-19/master/dati-contratti-dpc-forniture/file-atti-negoziali/dpc-contratto-covid19-0015043.pdf,,,,,cig,82530811E5,1000000,0.040000,40000.00,firmato,no,,2020-04-22
Apogeo S.r.l.,ITA,Dispositivi di protezione individuale (DPI),Guanti,Guanti,Guanti,consumabili,Guanti in vinile Maxima cod 15816,COVID/0015043,2020-03-18,https://raw.githubusercontent.com/pcm-dpc/COVID-19/master/dati-contratti-dpc-forniture/file-atti-negoziali/dpc-contratto-covid19-0015043.pdf,,,,,cig,82530811E6,1000000,0.040000,40000.00,firmato,no,,2020-04-22
Apogeo S.r.l.,ITA,Dispositivi di protezione individuale (DPI),Maschere FFP2 / FFP3 / equivalenti,Maschere,Maschere FFP2,consumabili,Maschere FFP2,COVID/0015684,2020-03-22,https://raw.githubusercontent.com/pcm-dpc/COVID-19/master/dati-contratti-dpc-forniture/file-atti-negoziali/dpc-contratto-covid19-0015684.pdf,,,,,cig,826002978F,3000000,1.970000,5910000.00,firmato,si,,2020-04-22
Apogeo S.r.l.,ITA,Dispositivi di protezione individuale (DPI),Maschere FFP2 / FFP3 / equivalenti,Maschere,Maschere FFP2,consumabili,Maschere FFP2,COVID/0015685,2020-03-22,https://raw.githubusercontent.com/pcm-dpc/COVID-19/master/dati-contratti-dpc-forniture/file-atti-negoziali/dpc-contratto-covid19-0015685.pdf,,,,,cig,826015C00,5000000,1.920000,9600000.00,firmato,si,,2020-04-22
Draeger Italia S.p.A.,ITA,Dispositivi di protezione individuale (DPI),Maschere FFP2 / FFP3 / equivalenti,Maschere,Maschere FFP2,consumabili,Facciali FFP2,COVID/0010026,2020-02-29,https://raw.githubusercontent.com/pcm-dpc/COVID-19/master/dati-contratti-dpc-forniture/file-atti-negoziali/dpc-contratto-covid19-0010026.pdf,rettifica,ABI/0012674,2020-03-11,https://raw.githubusercontent.com/pcm-dpc/COVID-19/master/dati-contratti-dpc-forniture/file-atti-negoziali/dpc-contratto-covid19-0010026.pdf,cig,82329762B9,6480,1.170000,7581.60,firmato,no,,2020-04-22
Draeger Italia S.p.A.,ITA,Dispositivi di protezione individuale (DPI),Occhiali,Occhiali,Occhiali,consumabili,Occhiali protettivi,COVID/0010026,2020-02-29,https://raw.githubusercontent.com/pcm-dpc/COVID-19/master/dati-contratti-dpc-forniture/file-atti-negoziali/dpc-contratto-covid19-0010026.pdf,rettifica,ABI/0012674,2020-03-11,https://raw.githubusercontent.com/pcm-dpc/COVID-19/master/dati-contratti-dpc-forniture/file-atti-negoziali/dpc-contratto-covid19-0010026.pdf,cig,82329762B10,50000,2.750000,137500.00,firmato,no,,2020-04-22
Draeger Italia S.p.A.,ITA,Dispositivi di protezione individuale (DPI),Maschere FFP2 / FFP3 / equivalenti,Maschere,Maschere FFP3,consumabili,Facciali FFP3,COVID/0010026,2020-02-29,https://raw.githubusercontent.com/pcm-dpc/COVID-19/master/dati-contratti-dpc-forniture/file-atti-negoziali/dpc-contratto-covid19-0010026.pdf,rettifica,ABI/0012674,2020-03-11,https://raw.githubusercontent.com/pcm-dpc/COVID-19/master/dati-contratti-dpc-forniture/file-atti-negoziali/dpc-contratto-covid19-0010026.pdf,cig,82329762B11,12960,2.830000,36676.80,firmato,no,,2020-04-22
Draeger Italia S.p.A.,ITA,Dispositivi di protezione individuale (DPI),Maschere FFP2 / FFP3 / equivalenti,Maschere,Maschere FFP3,consumabili,Facciali FFP3,COVID/0010621,2020-03-03,https://raw.githubusercontent.com/pcm-dpc/COVID-19/master/dati-contratti-dpc-forniture/file-atti-negoziali/dpc-contratto-covid19-0010621.pdf,,,,,cig,8243735155,12960,2.830000,36676.80,firmato,no,,2020-04-22
Draeger Italia S.p.A.,ITA,Dispositivi di protezione individuale (DPI),Maschere FFP2 / FFP3 / equivalenti,Maschere,Maschere FFP2,consumabili,Facciali FFP2,COVID/0010621,2020-03-03,https://raw.githubusercontent.com/pcm-dpc/COVID-19/master/dati-contratti-dpc-forniture/file-atti-negoziali/dpc-contratto-covid19-0010621.pdf,,,,,cig,8243735155,6480,1.170000,7581.60,firmato,no,,2020-04-22
Winner Italia S.r.l.,ITA,Dispositivi medicali,Maschere chirurgiche,Maschere,Maschere chirurgiche,consumabili,Mascherine chirurgiche 3 veli,COVID/0010981,2020-03-04,https://raw.githubusercontent.com/pcm-dpc/COVID-19/master/dati-contratti-dpc-forniture/file-atti-negoziali/dpc-contratto-covid19-0010981.pdf,,,,,cig,82399730D5,5000000,0.529000,2645000.00,firmato,si,,2020-04-22
Winner Italia S.r.l.,ITA,Dispositivi medicali,Maschere chirurgiche,Maschere,Maschere chirurgiche,consumabili,Accordo quadro - 1¡ Ordinativo: Mascherine protettive chirurgiche 3 veli,COVID/0012127,2020-03-09,https://raw.githubusercontent.com/pcm-dpc/COVID-19/master/dati-contratti-dpc-forniture/file-atti-negoziali/dpc-contratto-covid19-0012127.pdf,,,,,cig,8253112B77,1375000,0.529000,727375.00,firmato,si,,2020-04-22
Winner Italia S.r.l.,ITA,Dispositivi di protezione individuale (DPI),Maschere FFP2 / FFP3 / equivalenti,Maschere,Maschere N95 (equivalenti),consumabili,Accordo quadro - 1¡ Ordinativo: Mascherine protettive N95,COVID/0012127,2020-03-09,https://raw.githubusercontent.com/pcm-dpc/COVID-19/master/dati-contratti-dpc-forniture/file-atti-negoziali/dpc-contratto-covid19-0012127.pdf,,,,,cig,8253112B77,25000,2.590000,64750.00,firmato,si,,2020-04-22
Pluritex S.r.l.,ITA,Dispositivi medicali,Maschere chirurgiche,Maschere,Maschere chirurgiche,consumabili,Mascherine chirurgiche cod WMT,COVID/0010418,2020-03-03,https://raw.githubusercontent.com/pcm-dpc/COVID-19/master/dati-contratti-dpc-forniture/file-atti-negoziali/dpc-contratto-covid19-0010418.pdf,,,,,cig,823451049E,100000,0.700000,70000.00,firmato,no,,2020-04-22
G. Giardini Pellami S.r.l.,ITA,Dispositivi di protezione individuale (DPI),Maschere FFP2 / FFP3 / equivalenti,Maschere,Maschere FFP2,consumabili,Facciali FFP2,0010956,2020-03-04,https://raw.githubusercontent.com/pcm-dpc/COVID-19/master/dati-contratti-dpc-forniture/file-atti-negoziali/dpc-contratto-covid19-0010956.pdf,,,,,cig,8238864DA4,800000,2.560000,2048000.00,firmato,no,,2020-04-22
G. Giardini Pellami S.r.l.,ITA,Dispositivi di protezione individuale (DPI),Maschere FFP2 / FFP3 / equivalenti,Maschere,Maschere FFP2,consumabili,Facciali FFP2,COVID/0012120,2020-03-09,https://raw.githubusercontent.com/pcm-dpc/COVID-19/master/dati-contratti-dpc-forniture/file-atti-negoziali/dpc-contratto-covid19-0012120.pdf,,,,,cig,8252817807,1300000,2.560000,3328000.00,firmato,si,,2020-04-22
Uvex Safety Italia S.r.l.,ITA,Dispositivi di protezione individuale (DPI),Maschere FFP2 / FFP3 / equivalenti,Maschere,Maschere FFP2,consumabili,Facciali FFP2 mod 7210,COVID/0010980,2020-03-04,https://raw.githubusercontent.com/pcm-dpc/COVID-19/master/dati-contratti-dpc-forniture/file-atti-negoziali/dpc-contratto-covid19-0010980.pdf,,,,,cig,823891688F,6795,1.730000,11755.35,firmato,no,,2020-04-22
Uvex Safety Italia S.r.l.,ITA,Dispositivi di protezione individuale (DPI),Maschere FFP2 / FFP3 / equivalenti,Maschere,Maschere FFP2,consumabili,Facciali FFP2 mod 2220,COVID/0010980,2020-03-04,https://raw.githubusercontent.com/pcm-dpc/COVID-19/master/dati-contratti-dpc-forniture/file-atti-negoziali/dpc-contratto-covid19-0010980.pdf,,,,,cig,823891688F,2095,1.650000,3456.75,firmato,no,,2020-04-22
Uvex Safety Italia S.r.l.,ITA,Dispositivi di protezione individuale (DPI),Maschere FFP2 / FFP3 / equivalenti,Maschere,Maschere FFP2,consumabili,Facciali FFP2 mod 2225,COVID/0010980,2020-03-04,https://raw.githubusercontent.com/pcm-dpc/COVID-19/master/dati-contratti-dpc-forniture/file-atti-negoziali/dpc-contratto-covid19-0010980.pdf,,,,,cig,823891688F,720,1.950000,1404.00,firmato,no,,2020-04-22
Uvex Safety Italia S.r.l.,ITA,Dispositivi di protezione individuale (DPI),Maschere FFP2 / FFP3 / equivalenti,Maschere,Maschere FFP3,consumabili,Facciali FFP3 mod 7310,COVID/0010980,2020-03-04,https://raw.githubusercontent.com/pcm-dpc/COVID-19/master/dati-contratti-dpc-forniture/file-atti-negoziali/dpc-contratto-covid19-0010980.pdf,,,,,cig,823891688F,390,3.600000,1404.00,firmato,no,,2020-04-22
Uvex Safety Italia S.r.l.,ITA,Dispositivi di protezione individuale (DPI),Maschere FFP2 / FFP3 / equivalenti,Maschere,Maschere FFP3,consumabili,Facciali FFP3 mod 8313,COVID/0010980,2020-03-04,https://raw.githubusercontent.com/pcm-dpc/COVID-19/master/dati-contratti-dpc-forniture/file-atti-negoziali/dpc-contratto-covid19-0010980.pdf,,,,,cig,823891688F,5715,3.460000,19773.90,firmato,no,,2020-04-22
Uvex Safety Italia S.r.l.,ITA,Dispositivi di protezione individuale (DPI),Maschere FFP2 / FFP3 / equivalenti,Maschere,Maschere FFP3,consumabili,Facciali FFP3 mod 2312,COVID/0010980,2020-03-04,https://raw.githubusercontent.com/pcm-dpc/COVID-19/master/dati-contratti-dpc-forniture/file-atti-negoziali/dpc-contratto-covid19-0010980.pdf,,,,,cig,823891688F,4860,2.530000,12295.80,firmato,no,,2020-04-22
Uvex Safety Italia S.r.l.,ITA,Dispositivi di protezione individuale (DPI),Tute,Tute,Tute,consumabili,Tute monouso cod 98449,COVID/0010980,2020-03-04,https://raw.githubusercontent.com/pcm-dpc/COVID-19/master/dati-contratti-dpc-forniture/file-atti-negoziali/dpc-contratto-covid19-0010980.pdf,,,,,cig,823891688F,3013,3.430000,10334.59,firmato,no,,2020-04-22
Uvex Safety Italia S.r.l.,ITA,Dispositivi di protezione individuale (DPI),Tute,Tute,Tute,consumabili,Tute monouso cod 98711,COVID/0010980,2020-03-04,https://raw.githubusercontent.com/pcm-dpc/COVID-19/master/dati-contratti-dpc-forniture/file-atti-negoziali/dpc-contratto-covid19-0010980.pdf,,,,,cig,823891688F,753,8.050000,6061.65,firmato,no,,2020-04-22
Only Italia Logistics S.c.a.r.l.,ITA,Dispositivi di protezione individuale (DPI),Maschere FFP2 / FFP3 / equivalenti,Maschere,Maschere FFP2,consumabili,Facciali FFP2,COVID/0014743,2020-03-17,https://raw.githubusercontent.com/pcm-dpc/COVID-19/master/dati-contratti-dpc-forniture/file-atti-negoziali/dpc-contratto-covid19-0014743.pdf,,,,,cig,823998176D,10000000,2.300000,23000000.00,firmato,no,,2020-04-22
Only Italia Logistics S.c.a.r.l.,ITA,Dispositivi medicali,Maschere chirurgiche,Maschere,Maschere chirurgiche,consumabili,Maschere chirurgiche ASTMF2101,COVID/0014751,2020-03-17,https://raw.githubusercontent.com/pcm-dpc/COVID-19/master/dati-contratti-dpc-forniture/file-atti-negoziali/dpc-contratto-covid19-0014751.pdf,,,,,cig,8252937B0D,5000000,0.440000,2200000.00,firmato,no,,2020-04-22
Mediberg S.r.l.,ITA,Dispositivi medicali,Maschere chirurgiche,Maschere,Maschere chirurgiche,consumabili,Maschere chirurgiche,COR 630/0011290,2020-03-05,https://raw.githubusercontent.com/pcm-dpc/COVID-19/master/dati-contratti-dpc-forniture/file-atti-negoziali/dpc-contratto-covid19-0011290.pdf,,,,,cig,8238997B66,1296000,0.240000,311040.00,firmato,no,,2020-04-22
Mediberg S.r.l.,ITA,Dispositivi medicali,Maschere chirurgiche,Maschere,Maschere chirurgiche,consumabili,Maschere chirurgiche cod 10MUS8A4CFBN,ABI/0011770,2020-03-08,https://raw.githubusercontent.com/pcm-dpc/COVID-19/master/dati-contratti-dpc-forniture/file-atti-negoziali/dpc-contratto-covid19-0011770.pdf,,,,,cig,824596840F,2592000,0.240000,622080.00,firmato,si,,2020-04-22
Siare Engineering S.r.l.,ITA,Dispositivi medicali,Ventilatori polmonari,Ventilatori polmonari,Ventilatori polmonari,non consumabili,Ventilatori polmonari alta complessità,COVID/0011718,2020-03-07,https://raw.githubusercontent.com/pcm-dpc/COVID-19/master/dati-contratti-dpc-forniture/file-atti-negoziali/dpc-contratto-covid19-0011718.pdf,,,,,cig,8250708B9F,275,9950.000000,2736250.00,firmato,no,,2020-04-22
Siare Engineering S.r.l.,ITA,Dispositivi medicali,Ventilatori polmonari,Ventilatori polmonari,Ventilatori polmonari,non consumabili,Ventilatori meccanica polmonare,COVID/0011718,2020-03-07,https://raw.githubusercontent.com/pcm-dpc/COVID-19/master/dati-contratti-dpc-forniture/file-atti-negoziali/dpc-contratto-covid19-0011718.pdf,,,,,cig,8250708B9F,45,8840.000000,397800.00,firmato,no,,2020-04-22
Siare Engineering S.r.l.,ITA,Dispositivi medicali,Assistenza ventilatori polmonari,Servizi,Assistenza ventilatori,servizi,Servizio assistenza tecnica ai ventilatori polmonari 24 mesi,COVID/0011718,2020-03-07,https://raw.githubusercontent.com/pcm-dpc/COVID-19/master/dati-contratti-dpc-forniture/file-atti-negoziali/dpc-contratto-covid19-0011718.pdf,,,,,cig,8250708B9F,0,179200.000000,179200.00,firmato,no,,2020-04-22
Siare Engineering S.r.l.,ITA,Dispositivi medicali,Ventilatori polmonari,Ventilatori polmonari,Ventilatori polmonari,non consumabili,Ventilatori polmonari alta complessitˆ,COVID/0011719,2020-03-07,https://raw.githubusercontent.com/pcm-dpc/COVID-19/master/dati-contratti-dpc-forniture/file-atti-negoziali/dpc-contratto-covid19-0011719.pdf,integrazione,0015201,2020-03-19,https://raw.githubusercontent.com/pcm-dpc/COVID-19/master/dati-contratti-dpc-forniture/file-atti-negoziali/dpc-contratto-covid19-0011719.pdf,cig,8250715169,1360,9950.000000,13532000.00,firmato,si,,2020-04-22
Siare Engineering S.r.l.,ITA,Dispositivi medicali,Ventilatori polmonari,Ventilatori polmonari,Ventilatori polmonari,non consumabili,Ventilatori meccanica polmonare,COVID/0011719,2020-03-07,https://raw.githubusercontent.com/pcm-dpc/COVID-19/master/dati-contratti-dpc-forniture/file-atti-negoziali/dpc-contratto-covid19-0011719.pdf,integrazione,0015201,2020-03-19,https://raw.githubusercontent.com/pcm-dpc/COVID-19/master/dati-contratti-dpc-forniture/file-atti-negoziali/dpc-contratto-covid19-0011719.pdf,cig,8250715169,640,8840.000000,5657600.00,firmato,si,,2020-04-22
Siare Engineering S.r.l.,ITA,Dispositivi medicali,Assistenza ventilatori polmonari,Servizi,Assistenza ventilatori,servizi,Servizio assistenza tecnica ai ventilatori polmonari 24 mesi,COVID/0011719,2020-03-07,https://raw.githubusercontent.com/pcm-dpc/COVID-19/master/dati-contratti-dpc-forniture/file-atti-negoziali/dpc-contratto-covid19-0011719.pdf,integrazione,0015201,2020-03-19,https://raw.githubusercontent.com/pcm-dpc/COVID-19/master/dati-contratti-dpc-forniture/file-atti-negoziali/dpc-contratto-covid19-0011719.pdf,cig,8250715169,0,1120000.000000,1120000.00,firmato,si,,2020-04-22
Montrasio Italia S.r.l.,ITA,Dispositivi di ausilio,Maschere non sanitarie,Maschere,Maschere non sanitarie,consumabili,Mascherine chirurgiche senza marcatura CE,ABI/0011772,2020-03-08,https://raw.githubusercontent.com/pcm-dpc/COVID-19/master/dati-contratti-dpc-forniture/file-atti-negoziali/dpc-contratto-covid19-0011772.pdf,,,,,cig,8243613CA4,27000000,0.080000,2160000.00,firmato,no,,2020-04-22
SED Trading GmbH,AUT,Dispositivi di protezione individuale (DPI),Maschere FFP2 / FFP3 / equivalenti,Maschere,Maschere FFP2,consumabili,Facciali FFP2,COVID/0012843,2020-03-11,https://raw.githubusercontent.com/pcm-dpc/COVID-19/master/dati-contratti-dpc-forniture/file-atti-negoziali/dpc-contratto-covid19-0012843.pdf,,,,,,,3000000,2.750000,8250000.00,firmato,no,,2020-04-22
Imagro S.p.A.,ITA,Dispositivi medicali,Maschere chirurgiche,Maschere,Maschere chirurgiche,consumabili,Mascherine chirurgiche 3 strati,COVID/0013311,2020-03-12,https://raw.githubusercontent.com/pcm-dpc/COVID-19/master/dati-contratti-dpc-forniture/file-atti-negoziali/dpc-contratto-covid19-0013311.pdf,integrazione,14304,2020-03-16,https://raw.githubusercontent.com/pcm-dpc/COVID-19/master/dati-contratti-dpc-forniture/file-atti-negoziali/dpc-contratto-covid19-0014304.pdf,cig,8253015B6B,4000000,0.595000,2380000.00,firmato,si,,2020-04-22
Omnia S.p.A.,ITA,Dispositivi medicali,Maschere chirurgiche,Maschere,Maschere chirurgiche,consumabili,Mascherine chirurgiche 3 strati,COVID/0013541,2020-03-13,https://raw.githubusercontent.com/pcm-dpc/COVID-19/master/dati-contratti-dpc-forniture/file-atti-negoziali/dpc-contratto-covid19-0013541.pdf,,,,,smart-cig,Z082C71AD9,11100,0.253829,2817.50,firmato,no,,2020-04-22
Stark Solution S.r.l.,ITA,Dispositivi medicali,Termoscanner,Termoscanner,Termoscanner,non consumabili,Kit termoscanner,COVID/0013525,2020-03-13,https://raw.githubusercontent.com/pcm-dpc/COVID-19/master/dati-contratti-dpc-forniture/file-atti-negoziali/dpc-contratto-covid19-0013525.pdf,,,,,smart-cig,ZE42C70C9C,2,13000.000000,26000.00,firmato,no,,2020-04-22
Silk Road Global Information Limited,CHN,Dispositivi medicali,Ventilatori polmonari,Ventilatori polmonari,Ventilatori polmonari,non consumabili,Ventilatori polmonari Aeon med Vg70,COVID/0013734,2020-03-13,https://raw.githubusercontent.com/pcm-dpc/COVID-19/master/dati-contratti-dpc-forniture/file-atti-negoziali/dpc-contratto-covid19-0013734.pdf,,,,,,,140,19000.000000,2660000.00,firmato,no,,2020-04-22
Beijing Tus Data Asset co. LTD,CHN,Dispositivi di protezione individuale (DPI),Maschere FFP2 / FFP3 / equivalenti,Maschere,Maschere FFP2,consumabili,FFP2,0013942,2020-03-15,https://raw.githubusercontent.com/pcm-dpc/COVID-19/master/dati-contratti-dpc-forniture/file-atti-negoziali/dpc-contratto-covid19-0013942.pdf,,,,,,,5000000,2.500000,12500000.00,firmato,no,,2020-04-22
GVS S.p.A.,ITA,Dispositivi di protezione individuale (DPI),Maschere FFP2 / FFP3 / equivalenti,Maschere,Maschere FFP3,consumabili,Maschere FFP3 con valvola pieghevole mod F300050,COVID/0013846,2020-03-14,https://raw.githubusercontent.com/pcm-dpc/COVID-19/master/dati-contratti-dpc-forniture/file-atti-negoziali/dpc-contratto-covid19-0013846.pdf,,,,,cig,82476353B6,40000,5.350000,214000.00,firmato,si,,2020-04-22
GVS S.p.A.,ITA,Dispositivi di protezione individuale (DPI),Maschere FFP2 / FFP3 / equivalenti,Maschere,Maschere FFP3,consumabili,Maschere FFP3 senza valvola MOD F3000,COVID/0013846,2020-03-14,https://raw.githubusercontent.com/pcm-dpc/COVID-19/master/dati-contratti-dpc-forniture/file-atti-negoziali/dpc-contratto-covid19-0013846.pdf,,,,,cig,82476353B6,260000,4.850000,1261000.00,firmato,si,,2020-04-22
GVS S.p.A.,ITA,Dispositivi di protezione individuale (DPI),Maschere FFP2 / FFP3 / equivalenti,Maschere,Maschere FFP2,consumabili,Maschere FFP2 con valvola a coppa,COVID/0014758,2020-03-17,https://raw.githubusercontent.com/pcm-dpc/COVID-19/master/dati-contratti-dpc-forniture/file-atti-negoziali/dpc-contratto-covid19-0014758.pdf,,,,,smart-cig,Z612C859F5,10080,2.800000,28224.00,firmato,no,,2020-04-22
BYD Auto Industry Company Limited,CHN,Dispositivi medicali,Maschere chirurgiche,Maschere,Maschere chirurgiche,consumabili,Maschere chirurgiche,COVID/0013739,2020-03-13,https://raw.githubusercontent.com/pcm-dpc/COVID-19/master/dati-contratti-dpc-forniture/file-atti-negoziali/dpc-contratto-covid19-0013739.pdf,,,,,,,18900000,0.298000,5632200.00,firmato,si,,2020-04-22
BYD Auto Industry Company Limited,CHN,Dispositivi di protezione individuale (DPI),Maschere FFP2 / FFP3 / equivalenti,Maschere,Maschere N95 (equivalenti),consumabili,Maschere N95,COVID/0013739,2020-03-13,https://raw.githubusercontent.com/pcm-dpc/COVID-19/master/dati-contratti-dpc-forniture/file-atti-negoziali/dpc-contratto-covid19-0013739.pdf,,,,,,,5000000,1.549000,7745000.00,firmato,si,,2020-04-22
BYD Auto Industry Company Limited,CHN,Dispositivi medicali,Maschere chirurgiche,Maschere,Maschere chirurgiche,consumabili,Maschere chiurgiche (CE),COVID/0015683,2020-03-22,https://raw.githubusercontent.com/pcm-dpc/COVID-19/master/dati-contratti-dpc-forniture/file-atti-negoziali/dpc-contratto-covid19-0015683.pdf,,,,,,,126000000,0.298000,37548000.00,firmato,si,,2020-04-22
BYD Auto Industry Company Limited,CHN,Dispositivi di protezione individuale (DPI),Maschere FFP2 / FFP3 / equivalenti,Maschere,Maschere KN95 (equivalenti),consumabili,Mascherine KN95,COVID/0015683,2020-03-22,https://raw.githubusercontent.com/pcm-dpc/COVID-19/master/dati-contratti-dpc-forniture/file-atti-negoziali/dpc-contratto-covid19-0015683.pdf,,,,,,,54000000,1.549000,83646000.00,firmato,si,,2020-04-22
China Meheco Corp.,CHN,Dispositivi di protezione individuale (DPI),Maschere FFP2 / FFP3 / equivalenti,Maschere,Maschere KN95 (equivalenti),consumabili,FFP2/KN95,0014044,2020-03-15,https://raw.githubusercontent.com/pcm-dpc/COVID-19/master/dati-contratti-dpc-forniture/file-atti-negoziali/dpc-contratto-covid19-0014044.pdf,,,,,,,8000000,1.700000,13600000.00,firmato,si,,2020-04-22
China Meheco Corp,CHN,Dispositivi di protezione individuale (DPI),Maschere FFP2 / FFP3 / equivalenti,Maschere,Maschere KN96 (equivalenti),consumabili,FFP2/KN96,COVID/0015636,2020-03-22,https://raw.githubusercontent.com/pcm-dpc/COVID-19/master/dati-contratti-dpc-forniture/file-atti-negoziali/dpc-contratto-covid19-0015636.pdf,,,,,,,20000000,1.700000,34000000.00,firmato,si,,2020-04-22
NANJING CHENWEI Equipment,CHN,Dispositivi medicali,Ventilatori polmonari,Ventilatori polmonari,Ventilatori polmonari,non consumabili,Ventilatori polmonari  Cwh-3010,COVID/0013880,2020-03-14,https://raw.githubusercontent.com/pcm-dpc/COVID-19/master/dati-contratti-dpc-forniture/file-atti-negoziali/dpc-contratto-covid19-0013880.pdf,,,,,,,100,8000.000000,800000.00,firmato,no,,2020-04-22
OBERALP S.p.A.,ITA,Dispositivi medicali,Maschere chirurgiche,Maschere,Maschere chirurgiche,consumabili,Maschere chirurgiche,COVID/0014549,2020-03-17,https://raw.githubusercontent.com/pcm-dpc/COVID-19/master/dati-contratti-dpc-forniture/file-atti-negoziali/dpc-contratto-covid19-0014549.pdf,,,,,cig,8252981F5B,10000000,0.400000,4000000.00,firmato,si,,2020-04-22
OBERALP S.p.A.,ITA,Dispositivi di protezione individuale (DPI),Maschere FFP2 / FFP3 / equivalenti,Maschere,Maschere N95 (equivalenti),consumabili,Maschere N95,COVID/0014549,2020-03-17,https://raw.githubusercontent.com/pcm-dpc/COVID-19/master/dati-contratti-dpc-forniture/file-atti-negoziali/dpc-contratto-covid19-0014549.pdf,,,,,cig,8252981F5B,5000000,1.330000,6650000.00,firmato,si,,2020-04-22
Sichuan Kemique International Limited,CHN,Dispositivi medicali,Maschere chirurgiche,Maschere,Maschere chirurgiche,consumabili,Maschere EN14683 Type 2,COVID/0015047,2020-03-18,https://raw.githubusercontent.com/pcm-dpc/COVID-19/master/dati-contratti-dpc-forniture/file-atti-negoziali/dpc-contratto-covid19-0015047.pdf,,,,,cig,8253131B25,5000000,0.680000,3400000.00,firmato,si,,2020-04-22
JC - Electronics Italia S.r.l.,ITA,Dispositivi di protezione individuale (DPI),Maschere FFP2 / FFP3 / equivalenti,Maschere,Maschere KN95 (equivalenti),consumabili,Maschere filtranti KN95,COVID/0015042,2020-03-18,https://raw.githubusercontent.com/pcm-dpc/COVID-19/master/dati-contratti-dpc-forniture/file-atti-negoziali/dpc-contratto-covid19-0015042.pdf,,,,,cig,8253154E1F,10000000,2.200000,22000000.00,firmato,si,,2020-04-22
Dz Medicale S.r.l.,ITA,Dispositivi medicali,Flussometri ossigenoterapia,Flussometri ossigenoterapia,Flussometri ossigenoterapia,non consumabili,Flussometro ossigenoterapia,COVID/0015207,2020-03-19,https://raw.githubusercontent.com/pcm-dpc/COVID-19/master/dati-contratti-dpc-forniture/file-atti-negoziali/dpc-contratto-covid19-0015207.pdf,,,,,smart-cig,Z8F2C80C27,200,31.500000,6300.00,firmato,no,,2020-04-22
Dz Medicale S.r.l.,ITA,Dispositivi medicali,Flussometri ossigenoterapia,Flussometri ossigenoterapia,Flussometri ossigenoterapia,non consumabili,Flussometro ossigenoterapia,COVID/0015207,2020-03-19,https://raw.githubusercontent.com/pcm-dpc/COVID-19/master/dati-contratti-dpc-forniture/file-atti-negoziali/dpc-contratto-covid19-0015207.pdf,,,,,smart-cig,Z8F2C80C27,200,31.500000,6300.00,firmato,no,,2020-04-22
Agmin Italy S.p.A.,ITA,Dispositivi medicali,Maschere chirurgiche,Maschere,Maschere chirurgiche,consumabili,Mascherine ASTM LEVEL 1,COVID/0015204,2020-03-19,https://raw.githubusercontent.com/pcm-dpc/COVID-19/master/dati-contratti-dpc-forniture/file-atti-negoziali/dpc-contratto-covid19-0015204.pdf,,,,,cig,82523495D3,100000,0.520000,52000.00,firmato,si,,2020-04-22
Agmin Italy S.p.A.,ITA,Dispositivi medicali,Maschere chirurgiche,Maschere,Maschere chirurgiche,consumabili,Mascherine ASTM LEVEL 1,COVID/0015204,2020-03-19,https://raw.githubusercontent.com/pcm-dpc/COVID-19/master/dati-contratti-dpc-forniture/file-atti-negoziali/dpc-contratto-covid19-0015204.pdf,,,,,cig,82523495D3,101600,0.750000,76200.00,firmato,si,,2020-04-22
Agmin Italy S.p.A.,ITA,Dispositivi di protezione individuale (DPI),Tute,Tute,Tute,consumabili,Tute isolanti,COVID/0015204,2020-03-19,https://raw.githubusercontent.com/pcm-dpc/COVID-19/master/dati-contratti-dpc-forniture/file-atti-negoziali/dpc-contratto-covid19-0015204.pdf,,,,,cig,82523495D3,4000,16.430000,65720.00,firmato,si,,2020-04-22
IMSTec Gmbh,DEU,Dispositivi di protezione individuale (DPI),Maschere FFP2 / FFP3 / equivalenti,Maschere,Maschere FFP2,consumabili,Maschere Facciali  FFP2,COVID/0015197,2020-03-19,https://raw.githubusercontent.com/pcm-dpc/COVID-19/master/dati-contratti-dpc-forniture/file-atti-negoziali/dpc-contratto-covid19-0015197.pdf,,,,,,,450000,3.100000,1395000.00,firmato,no,,2020-04-22
IMSTec Gmbh,DEU,Dispositivi medicali,Maschere chirurgiche,Maschere,Maschere chirurgiche,consumabili,Mascherine chirurgiche,COVID/0015197,2020-03-19,https://raw.githubusercontent.com/pcm-dpc/COVID-19/master/dati-contratti-dpc-forniture/file-atti-negoziali/dpc-contratto-covid19-0015197.pdf,,,,,,,450000,0.890000,400500.00,firmato,no,,2020-04-22
Tokyo Medical Consulting Co Ltd,JPN,Dispositivi medicali,Maschere chirurgiche,Maschere,Maschere chirurgiche,consumabili,Mascherine chirurgiche,COVID/0016065,2020-03-24,https://raw.githubusercontent.com/pcm-dpc/COVID-19/master/dati-contratti-dpc-forniture/file-atti-negoziali/dpc-contratto-covid19-0016065.pdf,,,,,,,260000,1.673510,435112.64,firmato,no,,2020-04-22
